wl,N,M,power,hard,cap,pen,alpha,beta,gamma,subset,method,init,seed,seed_frac,exp,peak_demand,total_load,arrival_slots,carbon_kg,carbon_red_vs_naive_%,carbon_red_vs_consol_%,sla_%,viol_n,energy_kwh,cost_gbp,util_%,overload_%,feasible,makespan_h,nfe,runtime_s,peak_mem_mb
google,500,20,linear,False,False,0.0,0.4,0.3,0.3,0,GA_OriginalGA,random,3,0.3333333333333333,GABUG,5.26,31.19,35,0.556778,80.2951,-18.0551,59.6,298,5.6891,0.9735,46.158,0.0,True,33.0,40,0.0486,0.78
google,500,20,linear,False,False,0.0,0.4,0.3,0.3,0,GA_OriginalGA,random,4,0.3333333333333333,GABUG,5.26,31.19,35,0.555146,80.3528,-17.709,59.8,299,5.6891,0.9625,46.351,0.0,True,33.0,40,0.0441,0.77
google,500,20,linear,False,False,0.0,0.4,0.3,0.3,0,GA_OriginalGA,random,5,0.3333333333333333,GABUG,5.26,31.19,35,0.550459,80.5187,-16.7151,60.2,301,5.6891,0.9679,46.163,0.0,True,33.0,40,0.0409,0.77
google,500,20,linear,False,False,0.0,0.4,0.3,0.3,0,GA_OriginalGA,random,6,0.3333333333333333,GABUG,5.26,31.19,35,0.569219,79.8548,-20.6929,59.0,295,5.8891,1.0103,43.056,0.0,True,34.5,40,0.0408,0.77
google,500,20,linear,False,False,0.0,0.4,0.3,0.3,0,GA_OriginalGA,random,7,0.3333333333333333,GABUG,5.26,31.19,35,0.553088,80.4256,-17.2727,57.0,285,5.7391,0.9705,45.299,0.0,True,36.5,40,0.0466,0.77
google,500,20,linear,False,False,0.0,0.4,0.3,0.3,0,GA_OriginalGA,random,8,0.3333333333333333,GABUG,5.26,31.19,35,0.558126,80.2473,-18.3409,61.0,305,5.7391,0.9732,45.635,0.0,True,34.5,40,0.0411,0.77
google,500,20,linear,False,False,0.0,0.4,0.3,0.3,0,GA_OriginalGA,random,9,0.3333333333333333,GABUG,5.26,31.19,35,0.560411,80.1665,-18.8255,60.0,300,5.7891,0.9885,44.635,0.0,True,33.5,40,0.0415,0.77
google,500,20,linear,False,False,0.0,0.4,0.3,0.3,0,GA_OriginalGA,random,10,0.3333333333333333,GABUG,5.26,31.19,35,0.561698,80.1209,-19.0983,60.0,300,5.7391,0.9683,45.684,0.0,True,33.0,40,0.041,0.77
google,1500,20,linear,False,False,0.0,0.4,0.3,0.3,0,GA_OriginalGA,random,3,0.3333333333333333,GABUG,16.49,95.45,39,1.268403,85.2785,-4.8092,61.9333,929,13.6591,2.3488,68.122,0.0,True,35.0,40,0.116,2.02
google,1500,20,linear,False,False,0.0,0.4,0.3,0.3,0,GA_OriginalGA,random,4,0.3333333333333333,GABUG,16.49,95.45,39,1.24778,85.5179,-3.1051,61.8667,928,13.7091,2.3591,68.981,0.0,True,33.5,40,0.1107,2.0
google,1500,20,linear,False,False,0.0,0.4,0.3,0.3,0,GA_OriginalGA,random,5,0.3333333333333333,GABUG,16.49,95.45,39,1.297669,84.9389,-7.2274,61.7333,926,13.8591,2.3965,66.16,0.0,True,34.0,40,0.1078,2.0
google,1500,20,linear,False,False,0.0,0.4,0.3,0.3,0,GA_OriginalGA,random,6,0.3333333333333333,GABUG,16.49,95.45,39,1.262482,85.3472,-4.3199,61.8,927,13.6591,2.3322,68.555,0.0,True,35.0,40,0.1109,2.0
google,1500,20,linear,False,False,0.0,0.4,0.3,0.3,0,GA_OriginalGA,random,7,0.3333333333333333,GABUG,16.49,95.45,39,1.251962,85.4693,-3.4507,61.0,915,13.7591,2.3582,66.689,0.0,True,36.5,40,0.106,2.0
google,1500,20,linear,False,False,0.0,0.4,0.3,0.3,0,GA_OriginalGA,random,8,0.3333333333333333,GABUG,16.49,95.45,39,1.286856,85.0643,-6.334,61.3333,920,13.8091,2.4008,66.153,0.0,True,34.0,40,0.1089,2.0
google,1500,20,linear,False,False,0.0,0.4,0.3,0.3,0,GA_OriginalGA,random,9,0.3333333333333333,GABUG,16.49,95.45,39,1.260824,85.3665,-4.1829,62.2,933,13.6091,2.3333,69.827,0.0,True,36.5,40,0.1085,2.0
google,1500,20,linear,False,False,0.0,0.4,0.3,0.3,0,GA_OriginalGA,random,10,0.3333333333333333,GABUG,16.49,95.45,39,1.270669,85.2522,-4.9964,61.0,915,13.6091,2.343,68.744,0.0,True,35.0,40,0.1079,2.0
google,500,10,linear,False,False,0.0,0.4,0.3,0.3,0,GA,random,9,0.3333333333333333,GABUG,5.26,31.19,35,0.509705,81.961,-8.074,18.6,93,5.4891,0.9242,49.188,0.0,True,32.0,4840,2.2008,1.72
google,500,10,linear,False,False,0.0,0.4,0.3,0.3,0,GA,random,10,0.3333333333333333,GABUG,5.26,31.19,35,0.482811,82.9128,-2.3716,20.4,102,5.3391,0.9028,51.636,0.0,True,30.0,4840,2.2089,1.64
google,500,10,linear,False,False,0.0,0.4,0.3,0.3,0,GA_OriginalGA,random,1,0.3333333333333333,GABUG,5.26,31.19,35,0.564497,80.0219,-19.6918,59.6,298,5.7891,0.9908,44.278,0.0,True,33.0,40,0.0438,0.76
google,500,10,linear,False,False,0.0,0.4,0.3,0.3,0,GA_OriginalGA,random,2,0.3333333333333333,GABUG,5.26,31.19,35,0.561428,80.1305,-19.041,59.6,298,5.7391,0.9702,45.395,0.0,True,34.0,40,0.0455,0.76
google,500,10,linear,False,False,0.0,0.4,0.3,0.3,0,GA_OriginalGA,random,3,0.3333333333333333,GABUG,5.26,31.19,35,0.556778,80.2951,-18.0551,59.6,298,5.6891,0.9735,46.158,0.0,True,33.0,40,0.0453,0.76
google,500,10,linear,False,False,0.0,0.4,0.3,0.3,0,GA_OriginalGA,random,4,0.3333333333333333,GABUG,5.26,31.19,35,0.555146,80.3528,-17.709,59.8,299,5.6891,0.9625,46.351,0.0,True,33.0,40,0.0407,0.76
google,500,10,linear,False,False,0.0,0.4,0.3,0.3,0,GA_OriginalGA,random,5,0.3333333333333333,GABUG,5.26,31.19,35,0.550459,80.5187,-16.7151,60.2,301,5.6891,0.9679,46.163,0.0,True,33.0,40,0.0455,0.76
google,500,10,linear,False,False,0.0,0.4,0.3,0.3,0,GA_OriginalGA,random,6,0.3333333333333333,GABUG,5.26,31.19,35,0.569219,79.8548,-20.6929,59.0,295,5.8891,1.0103,43.056,0.0,True,34.5,40,0.0409,0.76
google,3000,20,linear,False,False,0.0,0.4,0.3,0.3,0,GA_OriginalGA,random,3,0.3333333333333333,GABUG,32.21,189.31,41,2.330058,86.4366,-3.244,62.6333,1879,25.3479,4.3697,77.813,0.0,True,35.0,40,0.218,3.85
google,3000,20,linear,False,False,0.0,0.4,0.3,0.3,0,GA_OriginalGA,random,4,0.3333333333333333,GABUG,32.21,189.31,41,2.29641,86.6324,-1.753,63.0333,1891,25.2979,4.3993,80.57,0.0,True,34.5,40,0.2254,3.85
google,3000,20,linear,False,False,0.0,0.4,0.3,0.3,0,GA_OriginalGA,random,5,0.3333333333333333,GABUG,32.21,189.31,41,2.344877,86.3503,-3.9006,62.9333,1888,25.4479,4.3734,78.583,0.0,True,34.0,40,0.2168,3.85
google,3000,20,linear,False,False,0.0,0.4,0.3,0.3,0,GA_OriginalGA,random,6,0.3333333333333333,GABUG,32.21,189.31,41,2.309747,86.5548,-2.344,62.4333,1873,25.4479,4.3908,79.486,0.0,True,34.0,40,0.2176,3.85
google,3000,20,linear,False,False,0.0,0.4,0.3,0.3,0,GA_OriginalGA,random,7,0.3333333333333333,GABUG,32.21,189.31,41,2.313114,86.5352,-2.4932,61.9333,1858,25.2979,4.3561,80.391,0.0,True,33.5,40,0.2176,3.85
google,3000,20,linear,False,False,0.0,0.4,0.3,0.3,0,GA_OriginalGA,random,8,0.3333333333333333,GABUG,32.21,189.31,41,2.362322,86.2487,-4.6736,61.9333,1858,25.5979,4.4051,76.305,0.0,True,36.0,40,0.2295,3.85
google,3000,20,linear,False,False,0.0,0.4,0.3,0.3,0,GA_OriginalGA,random,9,0.3333333333333333,GABUG,32.21,189.31,41,2.31516,86.5233,-2.5838,62.6,1878,25.3479,4.3471,80.602,0.0,True,36.5,40,0.229,3.85
google,3000,20,linear,False,False,0.0,0.4,0.3,0.3,0,GA_OriginalGA,random,10,0.3333333333333333,GABUG,32.21,189.31,41,2.340942,86.3732,-3.7262,62.8333,1885,25.5979,4.3964,76.877,0.0,True,35.5,40,0.2346,3.85
google,500,10,linear,False,False,0.0,0.4,0.3,0.3,0,GA_OriginalGA,random,7,0.3333333333333333,GABUG,5.26,31.19,35,0.553088,80.4256,-17.2727,57.0,285,5.7391,0.9705,45.299,0.0,True,36.5,40,0.0447,0.78
google,500,10,linear,False,False,0.0,0.4,0.3,0.3,0,GA_OriginalGA,random,8,0.3333333333333333,GABUG,5.26,31.19,35,0.558126,80.2473,-18.3409,61.0,305,5.7391,0.9732,45.635,0.0,True,34.5,40,0.045,0.77
google,500,10,linear,False,False,0.0,0.4,0.3,0.3,0,GA_OriginalGA,random,9,0.3333333333333333,GABUG,5.26,31.19,35,0.560411,80.1665,-18.8255,60.0,300,5.7891,0.9885,44.635,0.0,True,33.5,40,0.0394,0.77
google,500,10,linear,False,False,0.0,0.4,0.3,0.3,0,GA_OriginalGA,random,10,0.3333333333333333,GABUG,5.26,31.19,35,0.561698,80.1209,-19.0983,60.0,300,5.7391,0.9683,45.684,0.0,True,33.0,40,0.0417,0.77
google,500,20,linear,False,False,0.0,0.4,0.3,0.3,0,GA,random,1,0.3333333333333333,GABUG,5.26,31.19,35,0.479504,83.0299,-1.6705,20.8,104,5.2391,0.8852,53.501,0.0,True,30.5,4840,2.1787,1.69
google,500,20,linear,False,False,0.0,0.4,0.3,0.3,0,GA,random,2,0.3333333333333333,GABUG,5.26,31.19,35,0.481679,82.9529,-2.1317,19.8,99,5.2891,0.9013,52.968,0.0,True,28.5,4840,2.1998,1.64
google,500,20,linear,False,False,0.0,0.4,0.3,0.3,0,GA,random,3,0.3333333333333333,GABUG,5.26,31.19,35,0.470805,83.3377,0.174,20.2,101,5.1891,0.8792,54.22,0.0,True,27.5,4840,2.3615,1.6
google,500,20,linear,False,False,0.0,0.4,0.3,0.3,0,GA,random,4,0.3333333333333333,GABUG,5.26,31.19,35,0.465821,83.5141,1.2307,20.0,100,5.1891,0.888,54.406,0.0,True,28.5,4840,2.5803,1.62
google,1500,10,linear,False,False,0.0,0.4,0.3,0.3,0,GA,random,9,0.3333333333333333,GABUG,16.49,95.45,39,1.227542,85.7528,-1.4328,36.0,540,13.5591,2.2979,68.109,0.0,True,36.0,4840,4.6924,4.49
google,1500,10,linear,False,False,0.0,0.4,0.3,0.3,0,GA,random,10,0.3333333333333333,GABUG,16.49,95.45,39,1.240894,85.5978,-2.5361,36.2667,544,13.8091,2.3401,65.173,0.0,True,33.5,4840,5.3526,4.42
google,1500,10,linear,False,False,0.0,0.4,0.3,0.3,0,GA_OriginalGA,random,1,0.3333333333333333,GABUG,16.49,95.45,39,1.267059,85.2941,-4.6981,62.3333,935,13.7591,2.3468,67.319,0.0,True,35.0,40,0.1346,2.0
google,1500,10,linear,False,False,0.0,0.4,0.3,0.3,0,GA_OriginalGA,random,2,0.3333333333333333,GABUG,16.49,95.45,39,1.26302,85.341,-4.3643,60.8,912,13.6591,2.3473,68.056,0.0,True,36.0,40,0.1325,2.0
google,1500,10,linear,False,False,0.0,0.4,0.3,0.3,0,GA_OriginalGA,random,3,0.3333333333333333,GABUG,16.49,95.45,39,1.268403,85.2785,-4.8092,61.9333,929,13.6591,2.3488,68.122,0.0,True,35.0,40,0.1346,2.0
google,1500,10,linear,False,False,0.0,0.4,0.3,0.3,0,GA_OriginalGA,random,4,0.3333333333333333,GABUG,16.49,95.45,39,1.24778,85.5179,-3.1051,61.8667,928,13.7091,2.3591,68.981,0.0,True,33.5,40,0.1327,2.0
google,1500,10,linear,False,False,0.0,0.4,0.3,0.3,0,GA_OriginalGA,random,5,0.3333333333333333,GABUG,16.49,95.45,39,1.297669,84.9389,-7.2274,61.7333,926,13.8591,2.3965,66.16,0.0,True,34.0,40,0.13,2.0
google,1500,10,linear,False,False,0.0,0.4,0.3,0.3,0,GA_OriginalGA,random,6,0.3333333333333333,GABUG,16.49,95.45,39,1.262482,85.3472,-4.3199,61.8,927,13.6591,2.3322,68.555,0.0,True,35.0,40,0.1293,2.0
google,500,20,linear,False,False,0.0,0.4,0.3,0.3,0,GA,random,5,0.3333333333333333,GABUG,5.26,31.19,35,0.50059,82.2836,-6.1414,16.6,83,5.4891,0.9285,48.766,0.0,True,32.0,4840,2.3054,1.75
google,500,20,linear,False,False,0.0,0.4,0.3,0.3,0,GA,random,6,0.3333333333333333,GABUG,5.26,31.19,35,0.479978,83.0131,-1.771,17.6,88,5.3391,0.9076,51.239,0.0,True,29.0,4840,2.3135,1.62
google,500,20,linear,False,False,0.0,0.4,0.3,0.3,0,GA,random,7,0.3333333333333333,GABUG,5.26,31.19,35,0.501426,82.254,-6.3187,19.0,95,5.4891,0.9306,48.937,0.0,True,32.5,4840,2.4973,1.65
google,500,20,linear,False,False,0.0,0.4,0.3,0.3,0,GA,random,8,0.3333333333333333,GABUG,5.26,31.19,35,0.487852,82.7344,-3.4405,19.8,99,5.3391,0.9105,51.605,0.0,True,31.5,4840,2.7142,1.61
google,500,20,linear,False,False,0.0,0.4,0.3,0.3,0,GA,random,9,0.3333333333333333,GABUG,5.26,31.19,35,0.509705,81.961,-8.074,18.6,93,5.4891,0.9242,49.188,0.0,True,32.0,4840,2.7519,1.61
google,500,20,linear,False,False,0.0,0.4,0.3,0.3,0,GA,random,10,0.3333333333333333,GABUG,5.26,31.19,35,0.482811,82.9128,-2.3716,20.4,102,5.3391,0.9028,51.636,0.0,True,30.0,4840,2.6134,1.64
google,500,20,linear,False,False,0.0,0.4,0.3,0.3,0,GA_OriginalGA,random,1,0.3333333333333333,GABUG,5.26,31.19,35,0.564497,80.0219,-19.6918,59.6,298,5.7891,0.9908,44.278,0.0,True,33.0,40,0.0496,0.76
google,500,20,linear,False,False,0.0,0.4,0.3,0.3,0,GA_OriginalGA,random,2,0.3333333333333333,GABUG,5.26,31.19,35,0.561428,80.1305,-19.041,59.6,298,5.7391,0.9702,45.395,0.0,True,34.0,40,0.0499,0.76
google,500,10,linear,False,False,0.0,0.4,0.3,0.3,0,GA,random,1,0.3333333333333333,GABUG,5.26,31.19,35,0.479504,83.0299,-1.6705,20.8,104,5.2391,0.8852,53.501,0.0,True,30.5,4840,2.1887,1.74
google,500,10,linear,False,False,0.0,0.4,0.3,0.3,0,GA,random,2,0.3333333333333333,GABUG,5.26,31.19,35,0.481679,82.9529,-2.1317,19.8,99,5.2891,0.9013,52.968,0.0,True,28.5,4840,2.1972,1.64
google,500,10,linear,False,False,0.0,0.4,0.3,0.3,0,GA,random,3,0.3333333333333333,GABUG,5.26,31.19,35,0.470805,83.3377,0.174,20.2,101,5.1891,0.8792,54.22,0.0,True,27.5,4840,2.3379,1.6
google,500,10,linear,False,False,0.0,0.4,0.3,0.3,0,GA,random,4,0.3333333333333333,GABUG,5.26,31.19,35,0.465821,83.5141,1.2307,20.0,100,5.1891,0.888,54.406,0.0,True,28.5,4840,2.5524,1.62
google,500,10,linear,False,False,0.0,0.4,0.3,0.3,0,GA,random,5,0.3333333333333333,GABUG,5.26,31.19,35,0.50059,82.2836,-6.1414,16.6,83,5.4891,0.9285,48.766,0.0,True,32.0,4840,2.6187,1.64
google,500,10,linear,False,False,0.0,0.4,0.3,0.3,0,GA,random,6,0.3333333333333333,GABUG,5.26,31.19,35,0.479978,83.0131,-1.771,17.6,88,5.3391,0.9076,51.239,0.0,True,29.0,4840,2.4643,1.62
google,500,10,linear,False,False,0.0,0.4,0.3,0.3,0,GA,random,7,0.3333333333333333,GABUG,5.26,31.19,35,0.501426,82.254,-6.3187,19.0,95,5.4891,0.9306,48.937,0.0,True,32.5,4840,2.434,1.65
google,500,10,linear,False,False,0.0,0.4,0.3,0.3,0,GA,random,8,0.3333333333333333,GABUG,5.26,31.19,35,0.487852,82.7344,-3.4405,19.8,99,5.3391,0.9105,51.605,0.0,True,31.5,4840,2.3683,1.61
google,3000,10,linear,False,False,0.0,0.4,0.3,0.3,0,GA,random,9,0.3333333333333333,GABUG,32.21,189.31,41,2.260565,86.8411,-0.1648,44.1,1323,25.1979,4.2598,79.281,0.0,True,34.5,4840,9.0345,8.62
google,3000,10,linear,False,False,0.0,0.4,0.3,0.3,0,GA,random,10,0.3333333333333333,GABUG,32.21,189.31,41,2.24272,86.945,0.626,44.4333,1333,25.3979,4.2824,79.385,0.0,True,34.0,4840,9.7282,8.4
google,3000,10,linear,False,False,0.0,0.4,0.3,0.3,0,GA_OriginalGA,random,1,0.3333333333333333,GABUG,32.21,189.31,41,2.327547,86.4512,-3.1327,62.4667,1874,25.4979,4.3839,77.492,0.0,True,35.0,40,0.2299,3.85
google,3000,10,linear,False,False,0.0,0.4,0.3,0.3,0,GA_OriginalGA,random,2,0.3333333333333333,GABUG,32.21,189.31,41,2.34395,86.3557,-3.8595,62.5,1875,25.6479,4.4127,74.237,0.0,True,36.0,40,0.2364,3.85
google,3000,10,linear,False,False,0.0,0.4,0.3,0.3,0,GA_OriginalGA,random,3,0.3333333333333333,GABUG,32.21,189.31,41,2.330058,86.4366,-3.244,62.6333,1879,25.3479,4.3697,77.813,0.0,True,35.0,40,0.2302,3.85
google,3000,10,linear,False,False,0.0,0.4,0.3,0.3,0,GA_OriginalGA,random,4,0.3333333333333333,GABUG,32.21,189.31,41,2.29641,86.6324,-1.753,63.0333,1891,25.2979,4.3993,80.57,0.0,True,34.5,40,0.2246,3.85
google,3000,10,linear,False,False,0.0,0.4,0.3,0.3,0,GA_OriginalGA,random,5,0.3333333333333333,GABUG,32.21,189.31,41,2.344877,86.3503,-3.9006,62.9333,1888,25.4479,4.3734,78.583,0.0,True,34.0,40,0.2203,3.85
google,3000,10,linear,False,False,0.0,0.4,0.3,0.3,0,GA_OriginalGA,random,6,0.3333333333333333,GABUG,32.21,189.31,41,2.309747,86.5548,-2.344,62.4333,1873,25.4479,4.3908,79.486,0.0,True,34.0,40,0.2214,3.85
google,1500,10,linear,False,False,0.0,0.4,0.3,0.3,0,GA_OriginalGA,random,7,0.3333333333333333,GABUG,16.49,95.45,39,1.251962,85.4693,-3.4507,61.0,915,13.7591,2.3582,66.689,0.0,True,36.5,40,0.1128,2.02
google,1500,10,linear,False,False,0.0,0.4,0.3,0.3,0,GA_OriginalGA,random,8,0.3333333333333333,GABUG,16.49,95.45,39,1.286856,85.0643,-6.334,61.3333,920,13.8091,2.4008,66.153,0.0,True,34.0,40,0.1036,2.0
google,1500,10,linear,False,False,0.0,0.4,0.3,0.3,0,GA_OriginalGA,random,9,0.3333333333333333,GABUG,16.49,95.45,39,1.260824,85.3665,-4.1829,62.2,933,13.6091,2.3333,69.827,0.0,True,36.5,40,0.108,2.0
google,1500,10,linear,False,False,0.0,0.4,0.3,0.3,0,GA_OriginalGA,random,10,0.3333333333333333,GABUG,16.49,95.45,39,1.270669,85.2522,-4.9964,61.0,915,13.6091,2.343,68.744,0.0,True,35.0,40,0.1102,2.0
google,1500,20,linear,False,False,0.0,0.4,0.3,0.3,0,GA,random,1,0.3333333333333333,GABUG,16.49,95.45,39,1.242454,85.5797,-2.665,36.4667,547,13.6591,2.3119,67.626,0.0,True,33.5,4840,4.7188,4.52
google,1500,20,linear,False,False,0.0,0.4,0.3,0.3,0,GA,random,2,0.3333333333333333,GABUG,16.49,95.45,39,1.231696,85.7046,-1.776,37.1333,557,13.6091,2.2915,68.839,0.0,True,33.0,4840,5.386,4.43
google,1500,20,linear,False,False,0.0,0.4,0.3,0.3,0,GA,random,3,0.3333333333333333,GABUG,16.49,95.45,39,1.255956,85.423,-3.7807,35.9333,539,13.7591,2.3076,65.049,0.0,True,36.5,4840,5.397,4.34
google,1500,20,linear,False,False,0.0,0.4,0.3,0.3,0,GA,random,4,0.3333333333333333,GABUG,16.49,95.45,39,1.252091,85.4678,-3.4613,36.0,540,13.8091,2.3571,65.15,0.0,True,33.5,4840,4.9386,4.4
google,1500,20,linear,False,False,0.0,0.4,0.3,0.3,0,GA,random,5,0.3333333333333333,GABUG,16.49,95.45,39,1.238635,85.624,-2.3494,35.1333,527,13.7591,2.3207,66.666,0.0,True,35.0,4840,4.7635,4.44
google,1500,20,linear,False,False,0.0,0.4,0.3,0.3,0,GA,random,6,0.3333333333333333,GABUG,16.49,95.45,39,1.218605,85.8565,-0.6943,35.0667,526,13.5591,2.2739,68.401,0.0,True,33.0,4840,5.379,4.34
google,1500,20,linear,False,False,0.0,0.4,0.3,0.3,0,GA,random,7,0.3333333333333333,GABUG,16.49,95.45,39,1.23207,85.7002,-1.8069,37.0,555,13.7091,2.3221,66.975,0.0,True,33.5,4840,5.4692,4.33
google,1500,20,linear,False,False,0.0,0.4,0.3,0.3,0,GA,random,8,0.3333333333333333,GABUG,16.49,95.45,39,1.220453,85.835,-0.847,36.7333,551,13.5591,2.2941,68.726,0.0,True,34.5,4840,5.0081,4.28
google,1500,20,linear,False,False,0.0,0.4,0.3,0.3,0,GA,random,9,0.3333333333333333,GABUG,16.49,95.45,39,1.227542,85.7528,-1.4328,36.0,540,13.5591,2.2979,68.109,0.0,True,36.0,4840,4.3786,4.39
google,1500,20,linear,False,False,0.0,0.4,0.3,0.3,0,GA,random,10,0.3333333333333333,GABUG,16.49,95.45,39,1.240894,85.5978,-2.5361,36.2667,544,13.8091,2.3401,65.173,0.0,True,33.5,4840,4.3545,4.42
google,1500,20,linear,False,False,0.0,0.4,0.3,0.3,0,GA_OriginalGA,random,1,0.3333333333333333,GABUG,16.49,95.45,39,1.267059,85.2941,-4.6981,62.3333,935,13.7591,2.3468,67.319,0.0,True,35.0,40,0.0959,2.0
google,1500,20,linear,False,False,0.0,0.4,0.3,0.3,0,GA_OriginalGA,random,2,0.3333333333333333,GABUG,16.49,95.45,39,1.26302,85.341,-4.3643,60.8,912,13.6591,2.3473,68.056,0.0,True,36.0,40,0.1002,2.0
google,3000,10,linear,False,False,0.0,0.4,0.3,0.3,0,GA_OriginalGA,random,7,0.3333333333333333,GABUG,32.21,189.31,41,2.313114,86.5352,-2.4932,61.9333,1858,25.2979,4.3561,80.391,0.0,True,33.5,40,0.2099,3.86
google,3000,10,linear,False,False,0.0,0.4,0.3,0.3,0,GA_OriginalGA,random,8,0.3333333333333333,GABUG,32.21,189.31,41,2.362322,86.2487,-4.6736,61.9333,1858,25.5979,4.4051,76.305,0.0,True,36.0,40,0.2116,3.86
google,3000,10,linear,False,False,0.0,0.4,0.3,0.3,0,GA_OriginalGA,random,9,0.3333333333333333,GABUG,32.21,189.31,41,2.31516,86.5233,-2.5838,62.6,1878,25.3479,4.3471,80.602,0.0,True,36.5,40,0.2118,3.86
google,3000,10,linear,False,False,0.0,0.4,0.3,0.3,0,GA_OriginalGA,random,10,0.3333333333333333,GABUG,32.21,189.31,41,2.340942,86.3732,-3.7262,62.8333,1885,25.5979,4.3964,76.877,0.0,True,35.5,40,0.2124,3.86
google,3000,20,linear,False,False,0.0,0.4,0.3,0.3,0,GA,random,1,0.3333333333333333,GABUG,32.21,189.31,41,2.267316,86.8018,-0.4639,43.7667,1313,25.2479,4.2679,80.507,0.0,True,33.5,4840,9.7433,8.4
google,3000,20,linear,False,False,0.0,0.4,0.3,0.3,0,GA,random,2,0.3333333333333333,GABUG,32.21,189.31,41,2.267332,86.8017,-0.4646,44.5667,1337,25.3479,4.2957,78.662,0.0,True,36.0,4840,9.8282,8.63
google,3000,20,linear,False,False,0.0,0.4,0.3,0.3,0,GA,random,3,0.3333333333333333,GABUG,32.21,189.31,41,2.265391,86.813,-0.3786,44.8333,1345,25.1979,4.2929,79.473,0.0,True,34.5,4840,8.196,8.39
google,3000,20,linear,False,False,0.0,0.4,0.3,0.3,0,GA,random,4,0.3333333333333333,GABUG,32.21,189.31,41,2.279326,86.7319,-0.996,44.0333,1321,25.2479,4.2573,78.443,0.0,True,35.0,4840,7.6639,8.46
google,1500,10,linear,False,False,0.0,0.4,0.3,0.3,0,GA,random,1,0.3333333333333333,GABUG,16.49,95.45,39,1.242454,85.5797,-2.665,36.4667,547,13.6591,2.3119,67.626,0.0,True,33.5,4840,4.7557,4.56
google,1500,10,linear,False,False,0.0,0.4,0.3,0.3,0,GA,random,2,0.3333333333333333,GABUG,16.49,95.45,39,1.231696,85.7046,-1.776,37.1333,557,13.6091,2.2915,68.839,0.0,True,33.0,4840,5.4099,4.43
google,1500,10,linear,False,False,0.0,0.4,0.3,0.3,0,GA,random,3,0.3333333333333333,GABUG,16.49,95.45,39,1.255956,85.423,-3.7807,35.9333,539,13.7591,2.3076,65.049,0.0,True,36.5,4840,5.4858,4.34
google,1500,10,linear,False,False,0.0,0.4,0.3,0.3,0,GA,random,4,0.3333333333333333,GABUG,16.49,95.45,39,1.252091,85.4678,-3.4613,36.0,540,13.8091,2.3571,65.15,0.0,True,33.5,4840,5.0312,4.4
google,1500,10,linear,False,False,0.0,0.4,0.3,0.3,0,GA,random,5,0.3333333333333333,GABUG,16.49,95.45,39,1.238635,85.624,-2.3494,35.1333,527,13.7591,2.3207,66.666,0.0,True,35.0,4840,4.3538,4.33
google,1500,10,linear,False,False,0.0,0.4,0.3,0.3,0,GA,random,6,0.3333333333333333,GABUG,16.49,95.45,39,1.218605,85.8565,-0.6943,35.0667,526,13.5591,2.2739,68.401,0.0,True,33.0,4840,4.3299,4.34
google,1500,10,linear,False,False,0.0,0.4,0.3,0.3,0,GA,random,7,0.3333333333333333,GABUG,16.49,95.45,39,1.23207,85.7002,-1.8069,37.0,555,13.7091,2.3221,66.975,0.0,True,33.5,4840,4.0725,4.33
google,1500,10,linear,False,False,0.0,0.4,0.3,0.3,0,GA,random,8,0.3333333333333333,GABUG,16.49,95.45,39,1.220453,85.835,-0.847,36.7333,551,13.5591,2.2941,68.726,0.0,True,34.5,4840,3.9697,4.28
google,3000,20,linear,False,False,0.0,0.4,0.3,0.3,0,GA,random,5,0.3333333333333333,GABUG,32.21,189.31,41,2.270142,86.7853,-0.5891,44.0667,1322,25.4479,4.2997,77.99,0.0,True,33.5,4840,9.1066,8.41
google,3000,20,linear,False,False,0.0,0.4,0.3,0.3,0,GA,random,6,0.3333333333333333,GABUG,32.21,189.31,41,2.277522,86.7424,-0.9161,43.6333,1309,25.3479,4.3039,80.104,0.0,True,33.5,4840,9.536,8.63
google,3000,20,linear,False,False,0.0,0.4,0.3,0.3,0,GA,random,7,0.3333333333333333,GABUG,32.21,189.31,41,2.233762,86.9971,1.0229,44.6667,1340,25.1479,4.2484,80.005,0.0,True,34.5,4840,7.8534,8.56
google,3000,20,linear,False,False,0.0,0.4,0.3,0.3,0,GA,random,8,0.3333333333333333,GABUG,32.21,189.31,41,2.255323,86.8716,0.0675,45.0333,1351,25.2979,4.2805,78.216,0.0,True,35.0,4840,7.3532,8.59
google,3000,20,linear,False,False,0.0,0.4,0.3,0.3,0,GA,random,9,0.3333333333333333,GABUG,32.21,189.31,41,2.260565,86.8411,-0.1648,44.1,1323,25.1979,4.2598,79.281,0.0,True,34.5,4840,6.6662,8.52
google,3000,20,linear,False,False,0.0,0.4,0.3,0.3,0,GA,random,10,0.3333333333333333,GABUG,32.21,189.31,41,2.24272,86.945,0.626,44.4333,1333,25.3979,4.2824,79.385,0.0,True,34.0,4840,6.3822,8.4
google,3000,20,linear,False,False,0.0,0.4,0.3,0.3,0,GA_OriginalGA,random,1,0.3333333333333333,GABUG,32.21,189.31,41,2.327547,86.4512,-3.1327,62.4667,1874,25.4979,4.3839,77.492,0.0,True,35.0,40,0.1703,3.85
google,3000,20,linear,False,False,0.0,0.4,0.3,0.3,0,GA_OriginalGA,random,2,0.3333333333333333,GABUG,32.21,189.31,41,2.34395,86.3557,-3.8595,62.5,1875,25.6479,4.4127,74.237,0.0,True,36.0,40,0.1782,3.85
google,3000,10,linear,False,False,0.0,0.4,0.3,0.3,0,GA,random,1,0.3333333333333333,GABUG,32.21,189.31,41,2.267316,86.8018,-0.4639,43.7667,1313,25.2479,4.2679,80.507,0.0,True,33.5,4840,8.9346,8.5
google,3000,10,linear,False,False,0.0,0.4,0.3,0.3,0,GA,random,2,0.3333333333333333,GABUG,32.21,189.31,41,2.267332,86.8017,-0.4646,44.5667,1337,25.3479,4.2957,78.662,0.0,True,36.0,4840,9.64,8.63
google,3000,10,linear,False,False,0.0,0.4,0.3,0.3,0,GA,random,3,0.3333333333333333,GABUG,32.21,189.31,41,2.265391,86.813,-0.3786,44.8333,1345,25.1979,4.2929,79.473,0.0,True,34.5,4840,7.9873,8.39
google,3000,10,linear,False,False,0.0,0.4,0.3,0.3,0,GA,random,4,0.3333333333333333,GABUG,32.21,189.31,41,2.279326,86.7319,-0.996,44.0333,1321,25.2479,4.2573,78.443,0.0,True,35.0,4840,7.4197,8.46
google,3000,10,linear,False,False,0.0,0.4,0.3,0.3,0,GA,random,5,0.3333333333333333,GABUG,32.21,189.31,41,2.270142,86.7853,-0.5891,44.0667,1322,25.4479,4.2997,77.99,0.0,True,33.5,4840,6.7487,8.38
google,3000,10,linear,False,False,0.0,0.4,0.3,0.3,0,GA,random,6,0.3333333333333333,GABUG,32.21,189.31,41,2.277522,86.7424,-0.9161,43.6333,1309,25.3479,4.3039,80.104,0.0,True,33.5,4840,6.3845,8.63
google,3000,10,linear,False,False,0.0,0.4,0.3,0.3,0,GA,random,7,0.3333333333333333,GABUG,32.21,189.31,41,2.233762,86.9971,1.0229,44.6667,1340,25.1479,4.2484,80.005,0.0,True,34.5,4840,6.3646,8.56
google,3000,10,linear,False,False,0.0,0.4,0.3,0.3,0,GA,random,8,0.3333333333333333,GABUG,32.21,189.31,41,2.255323,86.8716,0.0675,45.0333,1351,25.2979,4.2805,78.216,0.0,True,35.0,4840,6.3136,8.59
